#Updated at Thu Dec 17 21:46:14 COT 2015
#Thu Dec 17 21:46:14 COT 2015
application_name=PaisesModel
label_co_com_paisesmodel_dominio_ciudad=Ciudad
label_co_com_paisesmodel_dominio_ciudad_codigociudad=Codigo Ciudad
label_co_com_paisesmodel_dominio_ciudad_id=Id
label_co_com_paisesmodel_dominio_ciudad_nombreciudad=Nombre Ciudad
label_co_com_paisesmodel_dominio_ciudad_plural=Ciudads
label_co_com_paisesmodel_dominio_ciudad_version=Version
label_co_com_paisesmodel_dominio_departamentos=Departamentos
label_co_com_paisesmodel_dominio_departamentos_ciudades=Ciudades
label_co_com_paisesmodel_dominio_departamentos_codigodepartamento=Codigo Departamento
label_co_com_paisesmodel_dominio_departamentos_id=Id
label_co_com_paisesmodel_dominio_departamentos_nombredepartamento=Nombre Departamento
label_co_com_paisesmodel_dominio_departamentos_plural=Departamentoses
label_co_com_paisesmodel_dominio_departamentos_version=Version
label_co_com_paisesmodel_dominio_paises=Paises
label_co_com_paisesmodel_dominio_paises_ciudades=Ciudades
label_co_com_paisesmodel_dominio_paises_codigopais=Codigo Pais
label_co_com_paisesmodel_dominio_paises_departamentos=Departamentos
label_co_com_paisesmodel_dominio_paises_id=Id
label_co_com_paisesmodel_dominio_paises_nombrepais=Nombre Pais
label_co_com_paisesmodel_dominio_paises_plural=Paiseses
label_co_com_paisesmodel_dominio_paises_version=Version
label_co_com_paisesmodel_dominio_personas=Personas
label_co_com_paisesmodel_dominio_personas_codigousuario=Codigo Usuario
label_co_com_paisesmodel_dominio_personas_id=Id
label_co_com_paisesmodel_dominio_personas_nombreusuario=Nombre Usuario
label_co_com_paisesmodel_dominio_personas_passwordusuario=Password Usuario
label_co_com_paisesmodel_dominio_personas_plural=Personases
label_co_com_paisesmodel_dominio_personas_version=Version
menu_category_ciudad_label=Ciudad
menu_category_departamentos_label=Departamentos
menu_category_paises_label=Paises
menu_category_personas_label=Personas
menu_item_ciudad_list_label=Ciudads
menu_item_ciudad_new_label=Ciudad
menu_item_departamentos_list_label=Departamentoses
menu_item_departamentos_new_label=Departamentos
menu_item_paises_list_label=Paiseses
menu_item_paises_new_label=Paises
menu_item_personas_list_label=Personases
menu_item_personas_new_label=Personas
